<Properties>
  <Boolean id="DefaultWindowed">false</Boolean>
  <Boolean id="DisplayPartnerLogo">false</Boolean>
  <Boolean id="DisplayPartnerLogoFirst">false</Boolean>
  <Boolean id="DontUpdate">true</Boolean>
  <Boolean id="NoReg">true</Boolean>
  
  <String id="CFBundleIdentifier">com.popcap.plantsvszombies</String>
  <String id="DisplayName">Plants vs. Zombies</String>
  <String id="ProdName">PlantsVsZombies</String>
  <String id="RegistryKey">PopCap\PlantsVsZombiesMac</String>
  <String id="Title">Plants vs. Zombies</String>
</Properties>